timestamp,status
2025-10-13 12:12:11.816782,OK
2025-10-13 12:12:16.884909,OK
2025-10-13 12:12:21.943245,OK
2025-10-13 12:12:27.000167,OK
2025-10-13 12:12:32.058336,OK
2025-10-13 12:12:37.116570,OK
2025-10-13 12:12:42.174752,OK
2025-10-13 12:12:47.234845,OK
2025-10-13 12:12:52.329940,OK
2025-10-13 12:12:57.388831,OK
2025-10-13 12:13:02.452365,OK
2025-10-13 12:13:07.514083,OK
2025-10-13 12:13:12.574069,OK
2025-10-13 12:13:17.632396,OK
2025-10-13 12:13:22.687243,OK
2025-10-13 12:13:27.745218,OK
2025-10-13 12:13:32.805343,OK
2025-10-13 12:13:37.865197,OK
2025-10-13 12:13:42.926028,OK
2025-10-13 12:13:47.995047,OK
2025-10-13 12:13:53.066096,OK
2025-10-13 12:13:58.124351,OK
2025-10-13 12:14:03.192622,OK
2025-10-13 12:14:08.253411,OK
2025-10-13 12:14:13.309435,OK
2025-10-13 12:14:18.366497,OK
2025-10-13 12:14:23.422170,OK
2025-10-13 12:14:28.483537,OK
2025-10-13 12:14:33.541444,OK
2025-10-13 12:14:38.599581,OK
2025-10-13 12:14:43.656832,OK
2025-10-13 12:14:48.718445,OK
2025-10-13 12:14:53.775558,OK
2025-10-13 12:14:58.838017,OK
2025-10-13 12:15:03.896363,OK
2025-10-13 12:15:08.954108,OK
2025-10-13 12:15:14.016453,OK
2025-10-13 12:15:19.074443,OK
2025-10-13 12:15:24.136692,OK
2025-10-13 12:15:29.197168,OK
2025-10-13 12:15:34.257964,OK
2025-10-13 12:15:39.317473,OK
2025-10-13 12:15:44.376816,OK
2025-10-13 12:15:49.434538,OK
2025-10-13 12:15:54.493032,OK
2025-10-13 12:15:59.551447,OK
2025-10-13 12:16:04.609394,OK
2025-10-13 12:16:09.668332,OK
2025-10-13 12:16:14.727689,OK
2025-10-13 12:16:19.786541,OK
2025-10-13 12:16:24.847440,OK
2025-10-13 12:16:29.908333,OK
2025-10-13 12:16:34.966589,OK
2025-10-13 12:16:40.025520,OK
2025-10-13 12:16:45.084922,OK
2025-10-13 12:16:50.143621,OK
2025-10-13 12:16:55.203197,OK
2025-10-13 12:17:00.282435,OK
2025-10-13 12:17:05.356093,OK
2025-10-13 12:17:10.414606,OK
2025-10-13 12:17:15.474570,OK
2025-10-13 12:17:20.562327,OK
2025-10-13 12:17:25.623775,OK
2025-10-13 12:17:30.684442,OK
2025-10-13 12:17:35.749876,OK
2025-10-13 12:17:40.810242,OK
2025-10-13 12:17:45.904194,OK
2025-10-13 12:17:50.973185,OK
2025-10-13 12:17:56.037431,OK
2025-10-13 12:18:01.096540,OK
2025-10-13 12:18:06.153541,OK
2025-10-13 12:18:11.226593,OK
2025-10-13 12:18:16.297338,OK
2025-10-13 12:18:21.356580,OK
2025-10-13 12:18:26.435736,OK
2025-10-13 12:18:31.498835,OK
2025-10-13 12:18:36.559957,OK
2025-10-13 12:18:41.622406,OK
2025-10-13 12:18:46.693870,OK
2025-10-13 12:18:51.752076,OK
2025-10-13 12:18:56.819175,OK
2025-10-13 12:19:01.875791,OK
2025-10-13 12:19:06.937142,OK
2025-10-13 12:19:11.996170,OK
2025-10-13 12:19:17.055654,OK
2025-10-13 12:19:22.115471,OK
2025-10-13 12:19:27.174352,OK
2025-10-13 12:19:32.233602,OK
2025-10-13 12:19:37.292511,OK
2025-10-13 12:19:42.353373,OK
2025-10-13 12:19:47.412036,OK
2025-10-13 12:19:52.471091,OK
2025-10-13 12:19:57.530652,OK
2025-10-13 12:20:02.592562,OK
2025-10-13 12:20:07.654697,OK
2025-10-13 12:20:12.718010,OK
2025-10-13 12:20:17.778916,OK
2025-10-13 12:20:22.870292,OK
2025-10-13 12:20:27.930982,OK
2025-10-13 12:20:32.990467,OK
2025-10-13 12:20:38.048365,OK
2025-10-13 12:20:43.106680,OK
2025-10-13 12:20:48.165976,OK
2025-10-13 12:20:53.225285,OK
2025-10-13 12:20:58.287642,OK
2025-10-13 12:21:03.356319,OK
2025-10-13 12:21:08.414436,OK
2025-10-13 12:21:13.473518,OK
2025-10-13 12:21:18.535793,OK
2025-10-13 12:21:23.594911,OK
2025-10-13 12:21:28.654480,OK
2025-10-13 12:21:33.715380,OK
2025-10-13 12:21:38.774481,OK
2025-10-13 12:21:43.836050,OK
2025-10-13 12:21:48.900194,OK
2025-10-13 12:21:53.959186,OK
2025-10-13 12:21:59.016478,OK
2025-10-13 12:22:04.075299,OK
2025-10-13 12:22:09.132934,OK
